device_type,unique_vendor_count,vendors
NAS,188,2i Informatica Industrial; 3CX; ABB; ABUS; ABUS Security-Center; ABUS Security-Center GmbH Und Co. KG; ASUS; AVM; AXIS Communications; Abocom; Acrel; AhnLab; Amcrest; American Megatrends; Annke; Apple; Aruba Networks; Asus; Asustor; Auerswald; Avigilon; Axentra; Axis; Barracuda Networks; Belkin; Ben Software; Blue Iris; Bosch; Bouygues Telecom; Brother; Bticino; Buffalo; CP PLUS; CPPLUS; Cambium; Canon; Carel; Carlo Gavazzi Controls; Check Point; Circontrol; Cisco; Citrix; Comelit; Cradlepoint; Crestron; D-Link; Dahua; Data Domain; Dell; Dericam; DrayTek; Draytek; EasyIO; Epson; Ezviz; Fibaro; Fortinet; Foscam; Freebox; Fronius; Fujitsu; Genetec; GeoVision; Geovision; Gira; Grandstream; Grandstream Networks; H3C; HP; HPE; Hanwha; Hanwha Techwin; Hanwha Vision; Hewlett Packard Enterprise; Hikvision; Hitachi; Home Assistant; Honeywell; Huawei; INSTAR; Iliad; Inim Electronics; Instar; Intelbras; Ivanti; Keenetic; Konica Minolta; Kyocera; LANCOM; LANCOM Systems; LG; Linksys; Loginatech; MIKO; MOBOTIX; Matrix ComSec; Merit Lilin; Microsoft; MikroTik; Mikrotik; Milesight; Mobotix; NETGEAR; NSFOCUS; NetApp; Netgate; Netgear; Network Optix; OPNsense; OnSSI; OpenMediaVault; OpenWrt; Orange; Palo Alto Networks; Panabit; Panasonic; PaperCut; Peplink; Philips; PiKVM; Plesk; Plex; Polycom; Proxmox; QNAP; Qno Technology; Raspberry Pi; Reecam; Reolink; Ruckus Wireless; Ruijie; SECOM; SMA; SMA Solar Technology; Sagemcom; Samsung; Samsung Techwin; Sangfor; Schneider Electric; Shelly; Siemens; Sollae Systems; Somfy; SonicWALL; SonicWall; Sophos; Sundray; Synology; TP-LINK; TP-Link; TRASSIR; TRENDnet; Teltonika; Tenda; Thecus; Tiandy Tech; Trendnet; Tridium; UGREEN; Ubiquiti; Ubiquiti Networks; VIVOTEK; VMware; Veeam; Victron Energy; Vivotek; WD; Wago; WatchGuard; Western Digital; XCome; Xiaomi; XigmaNAS; Xiongmai Technology; Yamaha; Yealink; Yeastar; ZKTeco; ZTE; ZheJiang Dahua Technology; Zimbra; ZyXEL; Zycoo; Zyxel; iKuai; iXsystems; openmediavault; pfSense
NVR,119,"ABB; ASI Controls; ASUS; AVM; AVTECH; AVTech; AXIS Communications; AirTies; Alfred International; Allied Telesis; Aruba Networks; Asus; Asustor; Atlassian; Avigilon; Avtech; Axis; Axis Communications; BUFFALO; Bosch; Buffalo; Cambium Networks; Canon; Carel; Check Point; Cisco; Contec; Crestron; Cyberoam; D-Link; Dahua; Dell; DrayTek; Draytek; ELECOM; EasyIO; Emerson; Epygi Technologies; Ewon; Fortinet; Freebox; H3C; HP; Hanwha; Hikvision; Honeywell; Huawei; I-O DATA DEVICE, INC.; I-O Data Device; Ivanti; Keenetic; Kyocera; LANCOM; LANCOM Systems; Linksys; Merit LILIN; Merit Li-Lin; Merit LiLin; Merit Lilin; Microsoft; MikroTik; Mikrotik; Mobotix; Multiple; NETGEAR; NUUO; NetApp; Netgear; Network Optix; Nuclear-27; Nusoft System; Palo Alto Networks; Panasonic; Paradox; Plex; Power Electronics; QNAP; Qno Technology; Reo-Link; Reolink; Ruckus Wireless; SAXA; SDS-Micro; SECOM; SMA Solar Technology; Samsung; Samsung Techwin; Schneider Electric; Shenzhen Cudy Technology; Shenzhen Reecam Tech; Siemens; SoftEther; Solar-Log; SonicWall; Sophos; Speco Technologies; Suprema; Synology; TP-LINK; TP-Link; Teltonika; Thecus; Thecus Technology Corp.; Tridium; Trimble; UGREEN; Ubiquiti; Ubiquiti Networks; V-Count; VMware; WatchGuard; Xi system; Xiongmai Technology; Yamaha; ZTE; ZheJiang Dahua Technology CO., LTD.; ZyXEL; Zyxel; i-PRO"
POWER_METER,94,"ABB; ASUS; AVTECH; AXIS; AXIS Communications; Asus; Atlassian; Avtech; Axis; Axis Communications; Axis Communications AB; Bosch; Check Point; Cisco; Cisco Systems, Inc.; Comtrend; Cyberoam; D-Link; Dahua; Dell; Digi International; DrayTek; Draytek; EasyIO; Eaton; Electro Industries; Electro Industries/GaugeTech; Electro Industries/Gaugetech; Electroind; Emerson; Fortinet; GE; H3C; HP; Hikvision; Hikvision Digital Technology Co., Ltd.; Honeywell; Huawei; Ivanti; Linksys; Loxone; Merit LILIN; Merit Li-Lin; Merit LiLin; Merit Lilin; MitraStar; Mobotix; NCR; NetApp; NetGear; Netgear; Orange; Palo Alto Networks; PaperCut; Pulse Secure; QNAP; Reo-Link; Reolink; S2; SAP; SEL; SMA; Sagemcom; Schneider Electric; Shenzhen Reecam Tech; Shenzhen Reecam Tech Ltd; Shenzhen Reecam Tech. Ltd.; Siemens; Sierra Wireless; SonicWall; Sonos; Sony; Sophos; TP-LINK; TP-Link; TiVo; Tridium; Tuya; Ubiquiti; Ubiquiti Networks; Veeam; WAGO; Wago; WatchGuard; Yokogawa; ZTE; ZheJiang Dahua Technology; ZheJiang Dahua Technology CO., LTD.; ZheJiang Dahua Technology CO.,LTD.; ZyXEL; eGauge; eGauge Systems; eGauge Systems LLC; egauge"
BUILDING_AUTOMATION,116,2N Telekomunikace; 3CX; ABB; ASUS; AVM; Advantech; Ampio; Araknis; Araknis Networks; Aruba Networks; Asus; Atlassian; Automated Logic; Avaya; Avigilon; Axis; BeyondTrust; Bosch; Bticino; Calix; Canon; Carel; Carrier; Check Point; Cisco; Cradlepoint; Crestron; D-Link; Dahua; Dorian Solutions; DrayTek; Draytek; ELAN; EMQX; EasyIO; Eaton; Echelon; Elan; Electroind; Elvaco; Emerson; Ewon; Fidelix; Fortinet; GE; Genetec; GeoVision; HP; Hanwha; Hanwha Techwin; Hanwha Vision; Hikvision; Home Assistant; Honeywell; Inhand Networks; Intelbras; Ivanti; Kaeser Compressors; Kieback&Peter; Ksenia Security; LANCOM Systems; LenelS2; Loxone; MOBOTIX; Merit LILIN; MikroTik; Milestone Systems; Mitsubishi; Mitsubishi Electric; Mobotix; NetApp; Nokia; OPNsense; Obvius; Osram; PRTG; Palo Alto Networks; Panasonic; PaperCut; Peplink; Philips; Philips Hue; Proptia; QNAP; Quest; Reliable Controls; Reolink; Rockwell Automation; Ruckus; S2 Security; SAP; Saferoads; Samsung; Sauter; Schneider Electric; Siemens; Sierra Wireless; SonicWall; Sonos; Sony; Steca; Synology; TP-Link; Teltonika; Tridium; Ubiquiti; VIVOTEK; Vantage Controls; Veeam; Vimar; Vivotek; WatchGuard; Xiongmai; Yokogawa; ZyXEL; Zyxel
MEDICAL,162,"ABB; ASUS; AVM; AVTech; AXIS; AXIS Communications; Acton; Allscripts; Aruba Networks; Asus; Atlassian; Avigilon; Avtech; Axis; Axis Communications; Axis Communications AB; BEWARD; BeyondTrust; Blue Iris; Bosch; Brother; CM Tecnologia; CPPLUS; Cerner; Check Point; Cisco; Citrix; CrushFTP; D-Link; Dahua; Dell; Digi; Digi International; DrayTek; Draytek; EasyIO; Eaton; Electro Industries; Electro Industries/GaugeTech; Electroind; Eltex; Emerson; Epson; Ewon; F5; F5 Networks; FatPipe Networks; Fortinet; GE; GE Healthcare; GFI; General Electric; GeoVision; GitLab; Grandstream Networks; H3C; HP; Hanwha Vision; Hewlett Packard Enterprise; Hikvision; Hitron Technologies; Honeywell; Huawei; I-O DATA; IBM; INFINITT; INTELBRAS; IPACS; Inductive Automation; Infocon Holding; Intel; Intelbras; Ivanti; Juniper; Konica Minolta; Lexmark; MEDITRON; Marco Pacs; Matrix ComSec; MedTech Systems; MedTech Systems Corporation; Medilab; Medsynapse; Medsynaptic; Merit LILIN; Merit LiLin; Merit Lilin; Microsoft; MikroTik; Mikrotik; Mirth Connect; NETCORE; NETGEAR; NETIS; NetApp; Netgear; NextGen; NextGen Healthcare; Nokia; Orange; Orthanc; OsiriX; Palo Alto Networks; Panasonic; PaperCut; Philips; Pixeon; Pixmeo; Plesk; Proxmox; Pulse Secure; QNAP; Quest Software; Reo-Link; Reo-link; Rockwell Automation; S2; SAP; SMA; SMA Solar Technology; Samsung; Samsung Techwin; Santesoft; Schiller; Schneider Electric; Shenzhen Reecam Tech; Shenzhen Reecam Tech Ltd; Shenzhen Reecam Tech Ltd.; Shenzhen Reecam Tech. Ltd.; Siemens; Softneta; SonicWall; Sonos; Sony; Sophos; Synology; TP-Link; Teltonika; Teltonika Networks; Thoughti; Topsec; Trendnet; Tridium; Tuya Inc.; Ubiquiti; Ubiquiti Networks; VMware; Veeam; Verifone; Vimar; Voyager Imaging; WatchGuard; Wyze; Wyze Labs; Xerox; Xiongmai Technology; Yokogawa; ZTE; ZheJiang Dahua Technology; ZheJiang Dahua Technology CO.,LTD.; ZyXEL; Zyxel"
ROUTER,296,"3CX; 3xLOGIC; ABB; ADPRO; ADTRAN; ARRIS; ASUS; ASUSTOR; AVM; AXIS Communications; Adtran; Advantech; Ajy; Allied Telesis; Amazon; Amcrest; Annke; Anviz; Apple; Arcadyan; Aruba Networks; Asus; Asustor; Atlassian; Avaya; Avigilon; Avtech; Axentra; Axis; Axis Communications; Axis Communications AB; AxxonSoft; BUFFALO; Ben Software; Blue Iris; Bosch; Bravas Tecnologia; Broadcom; Brother; Bticino; Buffalo; CDVI; CP PLUS; CP Plus; CPPLUS; Cambium Networks; Canon; Carel; Chamberlain Group; Check Point; Cisco; Cisco Systems; Citrix; Combivox; Comcast; Comelit; Comtrend; Control iD; Cox; Cradlepoint; Crestron; Cyberoam; D-LINK; D-Link; Dahua; DahuaTech; Dahuasecurity; Danfoss; Davantis; Dedicated Micros; Dell; Dericam; Digi; Digi International; Digital Watchdog; Dinstar; Domoticz; DrayTek; DrayTek Corp.; Draytek; EasyIO; Eaton; Eltex; Epson; Ericsson-LG; Ericsson-LG Enterprise; Ewon; Ezviz; F5; F5 Networks; FLIR; FatPipe Networks; Fibar Group; Fibaro; FiberHome; FileMaker; FileZilla; Fortinet; Foscam; Franklin Fueling Systems; Freebox; Fronius; GL.iNet; GPON; Genetec; Genivia; GeoVision; Geovision; Gigaset; Gira; Glutz; Glutz AG; Grandstream; Grandstream Networks; H3C; HID; HP; HPE; Hanwha; Hanwha Techwin; Hanwha Vision; Hewlett Packard Enterprise; Hewlett-Packard; Hikvision; Hillstone Networks; Hirschmann; Home Assistant; Honeywell; Huawei; I-O DATA DEVICE; I-O Data Device; ICT; IDIS; INSTAR; INTELBRAS; IPphone; InhandNetworks; Inim Electronics; Innovaphone; Intel; Intelbras; IriVision; Issabel; Ivanti; JFL; Johnson Controls-Hitachi; Jovision; KACO new energy; Kaonmedia; Keenetic; Konica Minolta; Kyocera; LANCOM Systems; LG; LaCie; LenelS2; Lenovo; Linear; Linksys; Longse Technology; Loxone; LuxControl; MOBOTIX; Merit LILIN; Merit Lilin; Microhard Systems; Microsoft; MikroTik; Mikrotik; Milesight; Milestone; Milestone Systems; Mitel Networks; Mitsubishi; Mobotix; Moxa; NEC; NETGEAR; NUUO; NetApp; Netcommwireless; Netgear; Network Optix; Nokia; OPNsense; OpenWrt; Orange; PRTG; Paessler; Palo Alto Networks; PaloAltoNetworks; Panasonic; Paradox; Paxton; Peplink; Philips; Pixeon; Proxmox; QNAP; QNAP Systems; Qualvision; Rain Bird; RainMachine; Raspberry Pi; Raysharp; RealNetworks; RealVNC; Realtek; Reliable Controls; Reolink; Ricoh; Rockwell Automation; Ruckus Wireless; Ruijie; S2 Security; SANYO; SECOM; SKYWORTH; SMA; Sagem; Sagemcom; Salto; Samsung; Samsung Techwin; SamsungTechwin; Sangfor; Sauter; Schneider Electric; Sharp; Shenzhen Reecam Tech; Shenzhen Reecam Tech Ltd; Siemens; Sierra Wireless; Sky; Solar-Log; SonicWALL; SonicWall; Sony; Sophos; Stormshield; Synology; TP-LINK; TP-Link; TPRI; TRASSIR; TRENDnet; Technicolor; Teltonika; Tenda; TerraMaster; Tiandy; Tiandy Tech; Tiandy Tech Ltd; TightVNC; Trassir; Trendnet; Tridium; UGREEN; Ubiquiti; Ubiquiti Networks; Unify; Uniview; VACRON; VIVOTEK; VMware; Vantage Controls; Veeam; Veeder-Root; VideoIQ; Vivotek; WAGO; Wago; WatchGuard; Westell; Wisenet; XiongMai Technology; Xiongmai; Xiongmai Technology; Yamaha; Yealink; ZKAccess; ZKTeco; ZTE; ZYXEL; Zebra; Zebra Technologies; ZheJiang Dahua Technology CO.,LTD.; Zhejiang Dahua Technology Co., Ltd.; ZyXEL; Zycoo; Zyxel; i-PRO; iCatch; iKuai; openmediavault; pfSense"
PRINTER,68,AMT Datasouth; ASUS; AVM; Amtdatasouth; Asus; Axis; BPG Radiocomunicazioni; Bosch; Brother; Calix; Canon; Cisco; Cradlepoint; Crestron; Cyberoam; D-Link; Dahua; Dell; DrayTek; Draytek; EasyIO; Epson; Fortinet; Freebox; HP; Hewlett Packard Enterprise; Hikvision; Honeywell; Huawei; Intelbras; Konica Minolta; Kyocera; LG; Lexmark; MagTek; MikroTik; Mitel; Mobotix; Orange; Palo Alto Networks; Panasonic; PaperCut; QNAP; Reolink; Ricoh; Samsung; Schneider Electric; SeeTec; Sharp; Siemens; SonicWall; Sophos; Synology; TP-Link; Teltonika; Toshiba; Tridium; Ubiquiti; VIVOTEK; Vivotek; WatchGuard; Xerox; ZKTeco; ZTE; Zebra; Zebra Technologies; ZyXEL; iCatch
SCADA,403,"3CX; ABB; ADN Systems; AIMA Technology; APC Inova; ASUS; ATEN International; AVM; AXIS Communications; Advantech; AhnLab; Akuvox; AllStarLink; Alstom; Amazon; Ampio; Ankasmart Technology; Apache Friends; Apple; Araknis Networks; Arcturus Inc; Arista; Aruba Networks; Asus; Asustor; Atvise; Autexis; Avigilon; AxGate; Axentra; Axis; Axis Communications; BSH Hausgeräte; BT-PANEL; BUFFALO; BeagleBoard; BeagleBoard.org; BitTorrent; Blue Iris; Blumenbecker; Blynk; Bosch; Bouygues Telecom; Brother; Bumblebee; CAYIN Technology; Calix; Callas; Cambium Networks; Canonical; CapRover; Captiveye; Carel; Chaitin; Check Point; ChirpStack; Circontrol; Circutor; Cisco; Citadel; Claris; Cleos; CleverDevice; CoffeeBean Tech; ComfortClick; CommScope; Cosberg; Cradlepoint; Crestron Electronics; CrushFTP; Cudy; D-LINK; D-Link; DD-WRT; DJI; DPtech; Dahua; Dartware; Davantis Technologies; Dell; Distech; Distech Controls; Domoticz; DoorBird; DrayTek; Draytek; EIBS; ELPRO Technologies; ELive; EMQ; EMQX; ESSYSTEM; EasyIO; Eclipse; Elan; ElderIoT; Elrest Automations Systeme; Embedthis; Emerson Electric; Emm! Solutions; Envidata; Ericsson-LG Enterprise; Ewon; Exacq; F5; F5 Networks; Falkor; Fibaro; Fiberhome; FileMaker; FileZilla; FireBrick; Forefront Automation; Fortinet; Foscam; Fraunhofer; FreeTAKServer; Freebox; Fronius; Fujitsu; GCE; GE; Gargoyle; Genetec; Gilgal Technology; Gira; GitLab; Gitea; Goldwind; Grafana; Grafana Labs; Grandstream; Grandstream Networks; Gubert System; H3C; HP; HSYCO; HW; Hanwha Techwin; Hikvision; Hillstone Networks; Hisilicon; Home Assistant; HomeMatic; Honeywell; Huawei; Hwaling Tech; IBM; ICONICS; ICP DAS; ISUNG; Icewhale; Icoms Detections; Ilex; Iliad; Inductive Automation; Industrial Shields; Inhand Networking; Innova Automation; Innovaphone; Intelbras; Intranav; IoT Solution; Issabel; Ivanti; Jung Electronic; Juniper Networks; KBLUE; KETI; KMtronic; KUNBUS; Kazam EV Tech; Keenetic; Kerlink; KeyHelp; Komfovent; Kong; LANCOM Systems; LG; LUPUS Electronics; Landis+Gyr; Lantronix; LiteSpeed Technologies; Litech; Liverock Technologies; Locbit; Loxone; MHI; MOBOTIX; MOBOTIX AG; Meraki; MeshCentral; Metrabyte; Mexus; Microhard; Microhard Systems; Microhard Systems Inc.; Micromax; Microsoft; MikroTik; Mikrotik; Milestone; Milestone Systems; Mitel; MobiusFlow; Mobotix; Modern Drive Technology GmbH; Moxa; MultiTech; Mutualink; NETASQ; NETGEAR; NETRO; NF HOLDINGS CORPORATION; NF Holdings Corporation; NHP; NIRTARA; NetIoT; Netcommwireless; Netgate; Netgear; Network Optix; Nextcloud; NoMachine; Node-RED; OPNsense; OPTO 22; OTM Services; Observis; Odigo; Odoo; Omnicon; Omnix; OpenMediaVault; OpenVPN; OpenWrt; Opto 22; Opto22; Oracle; Orange; Palo Alto Networks; Panabit; Panasonic; Parallels; Parker; Peplink; Petro-instruments; Pharos Architectural Controls Ltd; Pharos Controls; Philips; Phoenix Contact; PiKVM; Plesk; Plex; Portainer; Power Electronics; Pressac; Prismaflex International; Prometheus; Proxmox; QNAP; Qno Technology; Qualvision; RCE Systems; RCE systems; RCESYSTEMS; RabbitMQ; Radcom; Rapid SCADA; Raspberry Pi; RealNetworks; Realtek; Rems Plus; Reolink; Rhino Software; Robustel; Rockwell Automation; Ruckus Wireless; RuggedCom; SECUI; SICK; SICK AG; SMA; SMA Solar Technology; SOLUM Europe GmbH; SUYIN GmbH; SVT Electronics; Saferoads; Sagemcom; Saia; Samsung Techwin; Sangfor; Schneider Electric; SealionIOT; Securay; SensMaster; Shelly; Shenzhen Foscam Intelligent Technology Co., Ltd; Shenzhen Reecam Tech Ltd; Siemens; Sierra Wireless; SignalFire Telemetry; SmartME; SmartMe.IO; Snom; SoftEther; Softing; Solar-Log; Soltec; Somfy; SonicWALL; SonicWall; Sophos; Stormshield; Sundray; Sungrow; SupOS; Suprema; Syncthing; Synology; TONNET; TONNET TELECOMMUNICATION INTERNATIONAL CORP.; TP-LINK; TP-Link; TPRI; TRASSIR; TT Electronics; Telekom Malaysia; Teletask; Teltonika; TerraMaster; Thermo Fisher Scientific; ThingsBoard; Traccar; Traefik Labs; Trassir; Tridium; Turnaxis; UGREEN; USR; Ubiquiti; Ubiquiti Networks; Ubiquiti Networks Inc.; Ubiquity; UniPi; Union Instruments; Univention; Universal Devices; Ursalink; VIMAR; VIVOTEK; VMware; Vegam; Venustech; Victron Energy; Vigilent; Vodafone; Vodafone Group Services Limited; WAGO; WATERKOTTE; Wago; Wago Kontakttechnik GmbH & Co. KG; WatchGuard; Wazo; Wazuh; WebPros; Webmin; Weidmüller; Western Digital; Wilo; Wismart; WordPress; Xiaomi; Xiongmai Technology; Yokogawa; ZTE; Zabbix; ZimaOS; Zimbra; Zotac; ZyXEL; Zyxel; atvise; e-matica; eGauge; eGauge Systems; eGauge Systems LLC; eXUnity; egauge; fnOS; i-PRO; i.LON; iKuai; ifak; ioBroker; ioBroker GmbH; mySCADA; n8n; openHAB; pfSense; snom; snom technology AG; 成都智岚未来科技有限公司"
CAMERA,676,"2D Soft; 2N; 2N Telekomunikace; 3CX; 3xLOGIC; ABB; ABUS; ABUS Security-Center; ABUS Security-Center GmbH Und Co. KG; ADPRO; ADT; AFAtec; AJY; AKUVOX; ANOVO; APlusVideo; ARRIS; ARRIS Group Inc.; ASTEL; ASUS; ATEN; ATEN International; ATHD; AVM; AVSS; Aastra; Abisco; Abus; Acme; Adder; Advantech; Aerostar; AhnLab; Ajax Systems; Ajy; Akuvox; Alarm.com; Alfred International; Alfred International Inc.; Allegro Software; Allied Telesis; Amano; Amcrest; American Megatrends International; Annke; Anviz; AplusVideo; Apple; Araknis; Araknis Network; Araknis Networks; Arecont Vision; Arris; Arteco; Aruba Networks; Askey; Asus; Asustor; AudioCodes; Auerswald; Aurender; Avaya; Avigilon; AxGate; Axel; Axentra; Axera; Axis; Axis Communications; Axis Communications AB; Axxon; AxxonSoft; BLUEMAX; BUFFALO; BYTEVALUE; Barberan; Barco; Beijing Topsec Network Security Technology Co., Ltd.; Beijing Zentraedi Intelligence Information Technology; Beijing Zentraedi Intelligence Information Technology Co., Ltd; Beijing Zentraedi Intelligence Information Technology Co.,Ltd; Ben Software; Ben Software Ltd; Bettini; Bettini Srl; BioTime; Bird Home Automation; BitTorrent; Blue Iris; Bluecherry; Boa; Bosch; Bouygues Telecom; Bravas; Bravas Tecnologia; Broadcom; Brother; Bticino; Buffalo; Bytevalue; CDVI; CP PLUS; CP PLUS International; CP Plus; CPPLUS; Caixun; Calix; Cambium; Cambium Networks; Camect; Campbell Scientific; Canon; Carel; Carel Industries; Carlo Gavazzi; Castel; Cesanta; Check Point; Circutor; Cisco; Clinton Electronics; Closeli; Comark; Combivox; Comcast; Comelit; Comelit Group; Comelit Group S.p.a; ComfortClick; Commend International; Compal Broadband Networks; Comrex; Comtrend; Consultronix; Contec; Continental; Control iD; Control4; ControlByWeb; Controlid; CradlePoint; Cradlepoint; Crestron; Crestron Electronics; Cudy; CyberHome; CyberPower; CyberTAN; Cyberoam; D-LINK; D-Link; DBAppSecurity; DD-WRT; DNAKE; DPtech; DTIQ Technologies; DVTel; Dahua; DahuaTech; Dallmeier; Danfoss; Dasan Networks Solution; Davantis; Davantis Technologies; Dedicated Micros; Deeplet; Dell; Dericam; Devline; Dianyutech; Digi; Digi International; Digifort; Digital China Networks Limited; Digital Watchdog; Domotica Labs; DoorBird; Doowon Electronics & Telecom; Doowon Electronics & Telecom Co., Ltd.; Dorian Systems; DrayTek; DrayTek Corp.; Draytek; Dreamsecurity; EBOY LIGHT Ltd.; ELAN; EMQ; EMSTONE; ETIC Telecommunications; EZVIZ; EarthCam; EasyDarwin; EasyIO; Econet; EdgeVision; Ekin; Elan; Elk; Elvaco; Embedthis; Emerson; EnGenius; Enertex; Envio Security; Epiphan; Epiphan Video; Epson; Ericsson-LG; Ericsson-LG Enterprise; Ewon; Exacq; Extron; Ezviz; F5; FAAC Group; FAS International; FIMER; FLIR; FLIR Systems; FOCUS H&S; FUHO Technology; Faac Group; Fibaro; FiberHome; Fiberhome; Flussonic; Forpost; Fortinet; Foscam; Four-Faith; Foxstream; Fr. Sauter AG; Franklin Fueling Systems; Free; Freebox; Frigate; Fronius; Fujitsu; GFI; GIGA Security; GL.iNet; GLiNet; GRIDSMART; Gasboy; GeWeTe; General Device; Genesis Digital Imaging; Genetec; Genivia; GeoVision; Geovision; Gigaset Communications; Gira; Google; Grandstream; Grandstream Networks; Green Electronics LLC; GreenWave Systems; Growatt; GuangZhou Robustel Technologies; GuangZhou Robustel Technologies Co., Limited; H3C; HCVR; HDPRO; HME; HP; HW; Hager Group; Hangzhou EZVIZ Network Co., Ltd.; Hanwha; Hanwha Techwin; Hanwha Vision; Happytimesoft; HeiTel; HeiTel GmbH; Hewlett Packard Enterprise; Hewlett-Packard; HiFiRose; Hikvision; Hillstone Networks; Hipcam; Hitron Technologies; Home Assistant; Honeywell; Huawei; Hubitat; Huisen; I-O DATA DEVICE; I-O DATA DEVICE, INC.; I-O Data Device; IBM; ICT; IDIS; INSTAR; INTELBRAS; IPCam; IPConfigure; IPConfigure, Inc.; IPphone; IQtronic; Icon Time Systems; Iliad; InHand Networks; Inhand Networking; Inhand Networking Co., Ltd.; Inim Electronics; Inner Range; InstaVision; Instar; Instek Digital; Intelbras; Ionitech; Issabel; JFL; Jackpots Systems; Jellyfin; Johnson Controls; Jovision; Jufeng; Jungo; Juniper; KACO new energy; KILOVIEW; KSENIA; Kaco New Energy; Kamsoft; Kaon; Kaonmedia; Karel; KedaCom; Keenetic; Keil; Kerio; Kernotek; Kodi; Konica Minolta; Ksenia; Ksenia Lares; Ksenia Security; Kyocera; LANCOM Systems; LG; LG Electronics; LINE; LUPUS Electronics; Lantronix; LeadSec; Leadsec; Lenel; LenelS2; Lenovo; Lexmark; LifeSize Communications; Linear; Link International; Linkingvision; Linkplay; Linksys; Lionic; Logitech; Longse Technology; Loxone; Luatos; Lumens; MARKIN; MATRIX COMSEC; MATRIX COMSEC PVT. LTD.; MCU Tecnologia; MOBOTIX; MOBOTIX AG; Macroscop; Markin; Matrix Comsec; MediaTek; Merit Lilin; Microhard; Microhard Systems; Microhard Systems Inc.; Microsoft; MikroTik; Mikrotik; Milesight; Milestone; Milestone Systems; MitraStar; Mitsubishi Electric; Mobile Viewpoint; Mobotix; Mood Media; Motorola; Moxa; Multilaser; N3uron; NAGTECH; NEC; NETGEAR; NSFOCUS; NSG; NUUO; NVIDIA; NetEvid; NetKlass; Netcommwireless; Neterbit; Netgate; Netgear; Nethix; Netis; Network Optix; NexG; Nirad; Nokia; Nusoft System; OPNsense; OmniPCX Office; OpenIPC; OpenWrt; Oracle; Orange; Orpak; P&B Linking; PHOENIX CONTACT; PIX-LINK; PLANET Technology; PRTG; Pakedge; Palo Alto Networks; Panabit; Panasonic; Paradox; Pelco; Peplink; Perle Systems; Pi-KVM; Picmatic; Plex; Poly; Polycom; Proxmox; QNAP; QNO; QSee; Qasky; Qno Technology; Qualvision; RAKwireless; RAYSHARP; REVI Engineering; REVI Engineering srl; Radiant; Rain Bird; Raspberry Pi; RaySharp; Raysharp; RealNetworks; RealVNC; Realtek; Red5 Pro; Reecam; Reliable Controls; Reo-Link; Reolink; Robustel; Rubetek; Ruckus Wireless; Ruijie; S2; SANGFOR; SATO Techno Lab Europe AB; SAUTER; SAXA; SECOM; SICK; SKIDATA; SKYWORTH; SKYWORTH Digital; SMA; SMA Solar Technology AG; SMC; Saferoads; Sagemcom; Samsung; Samsung Techwin; SamsungTechwin; Sangfor; Sangfor Technologies Inc.; Sanyo; Save Energy Systems; Schneider Electric; Securepoint; SeeTec; Seelink; Selea; Sensaphone; SerComm; Seyeon Tech; Seyfor; Shelly; Shenzhen Foscam Intelligent Technology; Shenzhen Foscam Intelligent Technology Co.,Ltd; Shenzhen Reecam Tech; Shenzhen Reecam Tech Ltd; Shenzhen Reecam Tech Ltd.; Shenzhen Reecam Tech. Ltd.; ShinSoft; Sicunet; Sielcon; Sielox; Siemens; Sierra Wireless; Simicon; Sinapsi Srl; Skyworth; Slican; SoftEther; Sokol; Solar-Log; SonicWALL; SonicWall; Sony; Sophos; Speco Technologies; Steinsvik; Stormshield; Sumavision; Sundray; Sunell; Sungrow; SuperMicro; Supra; Suprema; Synology; TESA; TOPSEC; TOTOLINK; TP-LINK; TP-Link; TPRI; TRASSIR; TRENDNET; TRENDnet; TVU; TVU Networks; Tacitine; Technicolor; Techwin; Telesquare; Teltonika; Tenda; Teradek; Texas Instruments; Thekelleys; Tiandy; Tiandy Tech; Tiandy Tech Ltd; Tiandy Technologies; TightVNC; Toshiba; Trane; Trassir; Trendnet; Triax; Tridium; Trimble; Tripp Lite; TrueConf; Truen; Truvision; U.motion; UGREEN; USR; Ubiquiti; Ubiquiti Networks; Ubiquiti Networks Inc.; Unitronics; Universal Devices; Uniview; Untangle; VENUSTECH; VIDEOR E. Hartig GmbH; VIMAR; VIVOTEK; VMware; VUPoint; Vacron; Vaelsys; Vaisala; Vaxtor; Vee Time; Veeder-Root; Vega; Verizon; Vicon; VideoIQ; Videologic; Viettel; Vigor; VisionHitech; Visualware; Vitec; Vivint; Vivotek; Vodafone; VulTech; Vutech; WAGO; Wago; WatchGuard; WebcomCo; Wen'an Intelligent; Western Digital; Wind River; Wisenet; Wolvox; WorldCast Systems; Wowza; Wowza Media Systems; Würth IT GmbH; XNsystems; XVR; XiongMai Technology; Xiongmai; Xiongmai Technology; Xytronix; Yamaha; Yealink; Yeastar; Yeastar Information Technology Co., Ltd.; Yi; ZKTeco; ZTE; ZTE Corporation; ZTV; ZYXEL; Zebra Technologies; Zenitel; Zennio Avance y Tecnología S.L.; ZheJiang Dahua Technology CO.,LTD.; Zhejiang Dahua Technology; Zhejiang Dahua Technology Co., Ltd.; ZyWALL; ZyXEL; Zyxel; acme; ajy; alarm.com; bensoftware; bintec elmeg; bintec elmeg GmbH; circontrol; econet; exacq; f5; genivia; hikvision; huisun; i-PRO; iCatch; iCatch Inc.; iFreecomm; iKuai; iRZ; intelbras; ioEZ INC.; luanyutech; openwrt; pfSense; raysharp; realnetworks; reo-link; steinsvik; thekelleys; tp-link; traefik_labs; wondersoft; 北京文安"
